Group,Category
Income,Interest
Income,KB Pilates LLC
Income,LeakSentinel
Income,SJWS
Income,Social Securty
Auto,Fees
Auto,Fuel
Auto,Insurance
Auto,Maintenance
Auto,Rental Cars
Auto,Taxi & Ride Shares
Auto,Tolls & Parking
Business,KB Pilates LLC
Business,LeakSentinel
Business,SJWS
Charity,Cash
Charity,Items
Education,Books
Education,Parking
Education,Tuition
Entertainment,Apps
Entertainment,Art
Entertainment,Books
Entertainment,Dance
Entertainment,Magazines
Entertainment,Movies
Entertainment,Museums
Entertainment,Music
Entertainment,Newspapers
Entertainment,Podcasts
Entertainment,Sports
Entertainment,Theater
Entertainment,Video Games
Entertainment,Videos
Finance,Bank Fees
Finance,Coin Storage
Finance,Credit Card Fees
Finance,Services
Finance,Starting Balance
Food,Bars
Food,Beer & Wine
Food,Coffee Shops
Food,Fast Food
Food,Groceries
Food,Restauants
Health,Dentist
Health,Doctor
Health,Fitness
Health,Labs
Health,OTC
Health,Rx
Health,Vision
Home Furnishings,Appliances
Home Furnishings,Flooring
Home Furnishings,Furniture
Home Furnishings,Housewares
Home Furnishings,Small Stuff
Home Improvement,Bedroom
Home Improvement,Dining Room
Home Improvement,Family Room
Home Improvement,Garage
Home Improvement,Kitchen
Home Improvement,Landscaping
Home Improvement,Living Room
Holidays,Christmas
Holidays,Halloween
Insurance,Auto
Insurance,Dental
Insurance,Home
Insurance,Life
Insurance,Medical
Insurance,Pet
Insurance,Property
Insurance,Vision
Miscellaneous,Clothing
Miscellaneous,Computer
Miscellaneous,Gifts
Miscellaneous,Uncategorized
Pets,Boarding
Pets,Food
Pets,Insurance
Pets,Meds
Pets,Toys
Pets,Treats
Pets,Vet
Personal,Hair
Personal,Nails
Personal,Spa
Recreation,Arts & Crafts
Recreation,Entertaining
Recreation,Outdoor
Recreation,Sports
Utilities,Ekectricity
Utilities,Gas
Utilities,HOA
Utilities,Housekeeping
Utilities,Internet
Utilities,Storage
Utilities,Trash & Recycling
Utilities,TV
Utilities,Water
Vacation,Lodging
Vacation,Meals
Vacation,Sightseeing
Vacation,Souvenirs
Vacation,Travel